{
    "base_link": {
        "inertia": {
            "ixx": 0.0007013,
            "ixy": 1e-05,
            "ixz": 1e-05,
            "iyy": 1e-05,
            "iyz": 0.000916,
            "izz": 1e-05
        }
    },
    "link1": {
        "inertia": {
            "ixx": 0.0203827,
            "ixy": 0.0007994,
            "ixz": -0.0061517,
            "iyy": 0.0007994,
            "iyz": 0.0621358,
            "izz": -5.73e-05
        }
    },
    "link2": {
        "inertia": {
            "ixx": 0.0007606,
            "ixy": -2.35e-05,
            "ixz": -0.0008258,
            "iyy": -2.35e-05,
            "iyz": 0.011742,
            "izz": -1.78e-05
        }
    },
    "link3": {
        "inertia": {
            "ixx": 0.006008,
            "ixy": 1e-05,
            "ixz": 1e-05,
            "iyy": 1e-05,
            "iyz": 0.0003436,
            "izz": -0.0005615
        }
    },
    "link4": {
        "inertia": {
            "ixx": 0.0003243,
            "ixy": 1e-05,
            "ixz": 1e-05,
            "iyy": 1e-05,
            "iyz": 0.0003364,
            "izz": 1e-05
        }
    },
    "link5": {
        "inertia": {
            "ixx": 0.0005707,
            "ixy": 1e-05,
            "ixz": 1e-05,
            "iyy": 1e-05,
            "iyz": 0.0002295,
            "izz": -0.0001016
        }
    },
    "link6": {
        "inertia": {
            "ixx": 2.89e-05,
            "ixy": 1e-05,
            "ixz": 1e-05,
            "iyy": 1e-05,
            "iyz": 2.25e-05,
            "izz": 1e-05
        }
    }
}