{
    "base_link": {
        "mass": 0.7358,
        "inertia": {
            "ixx": 0.0007013,
            "ixy": 0,
            "ixz": 0,
            "iyy": 0,
            "iyz": 0.000916,
            "izz": 0
        }
    },
    "link1": {
        "mass": 0.78638,
        "inertia": {
            "ixx": 0.0203827,
            "ixy": 0.0007994,
            "ixz": -0.0061517,
            "iyy": 0.0007994,
            "iyz": 0.0621358,
            "izz": 0
        }
    },
    "link2": {
        "mass": 1.0247,
        "inertia": {
            "ixx": 0.0007606,
            "ixy": 0,
            "ixz": -0.0008258,
            "iyy": 0,
            "iyz": 0.011742,
            "izz": 0
        }
    },
    "link3": {
        "mass": 0.69821,
        "inertia": {
            "ixx": 0.006008,
            "ixy": 0,
            "ixz": 0,
            "iyy": 0,
            "iyz": 0.0003436,
            "izz": -0.0005615
        }
    },
    "link4": {
        "mass": 0.47195,
        "inertia": {
            "ixx": 0.0003243,
            "ixy": 0,
            "ixz": 0,
            "iyy": 0,
            "iyz": 0.0003364,
            "izz": 0
        }
    },
    "link5": {
        "mass": 0.51038,
        "inertia": {
            "ixx": 0.0005707,
            "ixy": 0,
            "ixz": 0,
            "iyy": 0,
            "iyz": 0.0002295,
            "izz": -0.0001016
        }
    },
    "link6": {
        "mass": 0.14593,
        "inertia": {
            "ixx": 0,
            "ixy": 0,
            "ixz": 0,
            "iyy": 0,
            "iyz": 0,
            "izz": 0
        }
    }
}